GRIDCODE,CID,Fracc,Fracv
400869,5030,0.001119382,0.000124716
400870,5030,0.011418864,0.00127223
400871,5030,0.006216047,0.000692559
400871,5030,0.007045578,0.000784981
400872,5030,0.004821745,0.000537213
400872,19017,0.001594944,0.00019256
400873,19017,0.00022368,2.70052E-05
400874,19017,0.00102731,0.000124029
400875,19017,0.003875314,0.000467873
400876,19017,0.002089636,0.000252285
400877,19017,0.006365699,0.000768542
400878,19017,0.000186353,2.24987E-05
400882,19017,0.001462124,0.000176525
400883,19017,0.004653017,0.000561767
400884,19017,0.003625571,0.000437722
400885,19017,0.001995047,0.000240866
400886,19017,0.006682639,0.000806807
400887,19017,0.005750807,0.000694305
400894,19043,0.08230209,0.004625118
400895,19043,0.011823565,0.000664447
400901,19038,0.002656664,0.000842851
400902,19038,0.007074991,0.002244604
400903,19038,0.011569031,0.003670379
400904,19038,0.000937297,0.000297366
400905,19038,9.36546E-05,2.97128E-05
400907,19038,0.000115222,3.65553E-05
400908,19038,0.012477296,0.003958534
400909,19038,0.010501303,0.003331633
400909,19038,3.66584E-05,1.16302E-05
400910,19038,0.006228199,0.001975952
400911,19038,0.006240016,0.001979701
401921,5030,0.002575698,0.000286971
401922,5030,0.001406961,0.000156756
401923,5030,0.000399719,4.45346E-05
401931,5004,0.001844235,0.000440405
401931,19017,0.000154052,1.8599E-05
401932,5004,5.18861E-05,1.23904E-05
401932,19017,0.003931248,0.000474626
401933,19017,0.007239089,0.000873988
401934,19017,0.004941686,0.000596619
401935,19017,0.007150186,0.000863255
401936,19017,0.002009802,0.000242647
401937,19017,1.44216E-05,1.74114E-06
401938,19017,0.000117472,1.41826E-05
401939,19017,0.003085079,0.000372467
401940,19017,0.006583962,0.000794893
401941,19017,0.002329834,0.000281285
401943,19017,0.000119115,1.4381E-05
401944,19017,0.005669841,0.00068453
401945,19017,0.010489631,0.001266432
401946,19017,0.001792794,0.000216447
401952,19043,0.024288823,0.001364955
401953,19043,0.089976174,0.005056377
401960,19038,0.007950796,0.002522461
401961,19038,0.013055846,0.004142084
401962,19038,0.01511944,0.004796778
401963,19038,0.013163006,0.004176082
401964,19038,0.011039017,0.003502227
401965,19038,0.005211956,0.00165354
401967,19038,0.000190595,6.04679E-05
401968,19038,0.001007831,0.000319743
402980,5030,0.009490868,0.001057423
402981,5030,0.013320723,0.001484125
402982,5030,0.004592974,0.000511725
402983,5030,0.004421089,0.000492574
402984,5030,0.005259298,0.000585963
402985,5030,0.000306659,3.41663E-05
402989,5004,0.001077602,0.000257332
402990,5004,0.012613716,0.003012168
402991,5004,0.007537596,0.001799985
402991,19017,0.001501394,0.000181266
402992,5004,0.000644678,0.00015395
402992,19017,0.009050181,0.001092644
402993,19017,0.005412666,0.000653481
402994,19017,0.00032465,3.91956E-05
402996,19017,0.000260229,3.14179E-05
402997,19017,0.005623285,0.000678909
402998,19017,0.005224903,0.000630812
402999,19017,0.000295716,3.57023E-05
403000,19017,0.001783917,0.000215375
403001,19017,0.004874445,0.0005885
403002,19017,0.007660502,0.000924866
403003,19017,0.005426389,0.000655138
403004,19017,0.001367444,0.000165094
403009,19043,0.022910575,0.001287502
403010,19043,0.102775436,0.005775655
403011,19043,0.097533972,0.005481101
403012,19043,8.98978E-05,5.05197E-06
403019,19038,0.007584914,0.002406382
403020,19038,0.00869916,0.002759887
403021,19038,0.014653049,0.004648811
403022,19038,0.014393373,0.004566427
403023,19038,0.009745417,0.003091821
403024,19038,0.014897783,0.004726455
403025,19038,0.010174823,0.003228054
403026,19038,9.07078E-05,2.87779E-05
403028,19022,0.002258529,0.000484397
403029,19022,0.000503937,0.000108082
404039,5030,0.014384982,0.001602699
404040,5030,0.008835853,0.000984444
404041,5030,0.004685064,0.000521985
404042,5030,0.001067203,0.000118902
404042,5030,0.093114564,0.00070154
404043,5030,0.092631556,0.000697901
404044,5030,0.058957123,0.000444193
404048,5004,0.01597827,0.003815626
404049,5004,0.01680566,0.004013208
404050,5004,0.013151288,0.00314054
404051,5004,0.004471759,0.00106786
404051,19017,0.001230792,0.000148596
404052,5004,0.001899028,0.00045349
404052,19017,0.005405495,0.000652615
404053,19017,9.03369E-05,1.09065E-05
404054,19017,0.003367962,0.00040662
404055,19017,0.009151629,0.001104892
404056,19017,0.006847621,0.000826725
404057,19017,0.003463471,0.000418151
404058,19017,0.007497913,0.000905236
404059,19017,0.007113457,0.00085882
404060,19017,0.00382234,0.000461478
404061,19017,0.00052958,6.39371E-05
404068,19043,0.004907025,0.000275759
404069,19043,0.090544292,0.005088303
404077,19038,0.004314075,0.001368679
404078,19038,0.004419682,0.001402184
404078,19038,0.008915791,0.002828615
404079,19038,0.00658321,0.002088582
404080,19038,3.977E-05,1.26174E-05
404080,19038,0.009773671,0.003100785
404081,19038,0.014360765,0.004556081
404082,19038,0.012801579,0.004061416
404083,19038,0.015383508,0.004880556
404084,19022,0.000521727,0.000111897
404084,19038,0.014348415,0.004552163
404085,19022,0.000843807,0.000180975
404085,19038,0.004370177,0.001386478
404086,19022,6.72513E-05,1.44237E-05
404087,19022,0.011903332,0.002552964
404088,19022,0.00906964,0.001945209
405098,5030,0.011853328,0.001320635
405099,5030,0.002608325,0.000290606
405100,5030,0.008670225,0.000965991
405100,5030,0.000513092,3.86572E-06
405101,5030,0.001339639,0.000149256
405101,5030,0.033707075,0.000253955
405101,5030,0.031055761,0.000233979
405102,5030,0.118952945,0.000896211
405103,5030,0.096135288,0.000724299
405104,5030,0.001498707,1.12915E-05
405107,5004,0.009513531,0.00227184
405108,5004,0.013724569,0.00327744
405108,5004,0.005739765,0.001370662
405109,5004,0.002518988,0.000601537
405109,5004,0.001164711,0.000278134
405110,5004,0.000594861,0.000142053
405111,5004,0.009957454,0.00237785
405111,19017,0.000220755,2.66521E-05
405112,5004,0.008221784,0.00196337
405112,19017,0.002866731,0.000346106
405113,5004,0.002197724,0.000524819
405113,19017,0.00564648,0.00068171
405114,5004,0.002957314,0.000706209
405114,19017,0.005872323,0.000708976
405115,5004,0.000126416,3.01883E-05
405115,19017,0.008842789,0.001067606
405116,5004,0.001979407,0.000472684
405116,19017,0.006882188,0.000830899
405117,5004,0.003503776,0.000836705
405117,19017,0.00217991,0.000263184
405118,5004,0.005179895,0.001236964
405119,5004,0.008441339,0.0020158
405120,5004,0.004032918,0.000963065
405121,5004,0.001516519,0.000362146
405122,5004,0.00346116,0.000826528
405135,19038,0.000138478,4.39335E-05
405136,19038,0.01398942,0.004438269
405137,19038,0.007099135,0.002252264
405137,19038,0.008137474,0.002581687
405138,19038,0.004578017,0.001452417
405139,19038,0.005523248,0.0017523
405139,19038,0.003551482,0.00112674
405140,19038,0.00827476,0.002625242
405140,19038,0.005821419,0.001846897
405141,19038,0.000847815,0.000268977
405141,19038,0.014535693,0.004611579
405142,19038,0.015383508,0.004880556
405143,19022,0.002271862,0.000487257
405143,19038,0.013349969,0.004235397
405144,19022,0.01591888,0.003414197
405144,19038,0.001134551,0.000359946
405145,19022,0.010260039,0.002200519
405146,19022,0.005058238,0.001084864
405147,19022,0.017143422,0.003676831
406157,5030,0.005061079,0.000563879
406158,5030,0.005704493,0.000635565
406160,5030,0.00025694,2.86269E-05
406160,5030,0.108762233,0.000819433
406161,5030,0.169652615,0.001278191
406162,5030,0.099716142,0.000751278
406167,5004,0.016660623,0.003978573
406167,5004,0.001479266,0.00035325
406168,5004,0.020865446,0.004982689
406168,5004,0.000160436,3.83122E-05
406169,5004,0.01885398,0.004502349
406170,5004,0.010018285,0.002392376
406171,5004,0.00210149,0.000501838
406172,5004,0.003342805,0.000798265
406173,5004,0.023262526,0.005555114
406174,5004,0.022316872,0.005329291
406174,19017,0.000291495,3.51927E-05
406175,5004,0.02026042,0.004838208
406176,5004,0.008306124,0.001983511
406177,5004,0.001118714,0.00026715
406178,5004,4.4901E-05,1.07224E-05
406180,5004,0.011215164,0.002678192
406181,5004,0.000571393,0.000136449
406194,19004,0.002004231,0.000658048
406194,19038,0.000670438,0.000212702
406195,19004,0.02179355,0.007155462
406195,19038,0.012241709,0.003883792
406196,19038,0.003481632,0.001104579
406196,19038,0.007490324,0.002376372
406197,19038,0.000228466,7.2483E-05
406197,19038,0.006369401,0.00202075
406198,19038,0.009206264,0.00292077
406199,19038,0.007961962,0.002526004
406200,19038,0.012863314,0.004081002
406200,19038,0.001556663,0.000493865
406201,19022,0.000262759,5.63552E-05
406201,19038,0.002490486,0.000790129
406201,19038,0.012657827,0.004015809
406202,19022,0.001320458,0.000283205
406202,19038,0.014201569,0.004505575
406203,19022,0.016730583,0.003588287
406203,19038,0.000407998,0.000129441
406204,19022,0.016408324,0.003519171
406205,19022,0.013617204,0.002920546
406206,19022,0.017186396,0.003686048
407216,5030,0.008749831,0.00097486
407217,5030,0.007038834,0.00078423
407219,5030,5.31671E-05,4.00569E-07
407220,5030,0.027183041,0.000204801
407221,5030,0.067903856,0.000511599
407222,5030,0.000162834,1.22682E-06
407223,5004,4.52633E-05,1.08089E-05
407224,5004,0.001179978,0.00028178
407225,5004,0.001099734,0.000262618
407226,5004,0.002828609,0.000675475
407227,5004,0.011955817,0.002855061
407228,5004,0.000366158,8.74389E-05
407229,5004,0.015103528,0.003606737
407230,5004,0.01478073,0.003529653
407231,5004,0.02084287,0.004977298
407232,5004,0.023050817,0.005504558
407233,5004,0.019312675,0.004611885
407234,5004,0.012243464,0.002923751
407235,5004,0.001443356,0.000344675
407253,19004,0.022166244,0.007277828
407254,19004,0.139474828,0.045793678
407254,19038,0.000987183,0.000313193
407255,19004,0.040998746,0.013461091
407255,19004,0.000277855,9.12278E-05
407255,19038,0.003807546,0.001207978
407255,19038,0.004575392,0.001451584
407256,19038,0.000442114,0.000140264
407256,19038,0.000219765,6.97226E-05
407256,19038,0.010954026,0.003475263
407257,19038,0.011343395,0.003598794
407257,19038,0.000495313,0.000157143
407258,19038,0.00784211,0.00248798
407259,19038,0.008086521,0.002565521
407260,19022,0.004701077,0.001008262
407260,19022,0.003980127,0.000853637
407260,19038,0.006203757,0.001968198
407260,19038,0.001409223,0.000447089
407261,19022,0.002649693,0.000568292
407261,19022,0.012412451,0.002662157
407261,19038,0.001901413,0.00060324
407262,19022,0.017186396,0.003686048
407263,19022,0.000554548,0.000118936
407263,19022,0.016631848,0.003567111
407264,19022,0.000690474,0.000148089
407264,19022,0.015968429,0.003424824
407265,19022,0.017186396,0.003686048
408275,5030,5.43736E-06,6.05802E-07
408276,5030,0.00344392,0.000383703
408277,5030,0.000549562,6.12293E-05
408282,5004,0.001559779,0.000372477
408282,5030,0.000760294,8.4708E-05
408283,5004,0.011309611,0.002700746
408283,5030,0.004810602,0.000535972
408284,5004,0.003402585,0.000812541
408285,5004,0.013484065,0.003220008
408286,5004,0.020552995,0.004908075
408287,5004,0.012189563,0.002910879
408288,5004,0.022601788,0.005397329
408289,5004,0.023313145,0.005567202
408290,5004,0.017930357,0.004281787
408291,5004,0.003322985,0.000793532
408294,5004,0.001818472,0.000434253
408295,5004,0.003397668,0.000811366
408303,19049,0.029728955,0.002899855
408304,19049,0.000183741,1.79226E-05
408312,19004,0.102518846,0.033659945
408313,19004,0.149038879,0.048933837
408314,19004,0.085830355,0.028180624
408314,19004,0.000116704,3.83174E-05
408314,19038,0.006055169,0.001921057
408314,19038,0.000457048,0.000145002
408315,19038,0.000750023,0.000237951
408315,19038,0.014633485,0.004642604
408316,19038,0.004431762,0.001406016
408316,19038,0.004977829,0.001579261
408317,19038,0.012066332,0.003828152
408318,19038,0.013575898,0.004307075
408319,19022,0.00115814,0.000248392
408319,19022,0.006197179,0.001329138
408319,19038,0.005336652,0.001693101
408319,19038,0.000543302,0.000172367
408320,19022,0.005666273,0.001215272
408320,19022,0.011363556,0.002437196
408321,19022,0.017186396,0.003686048
408322,19022,0.008837964,0.00189552
408322,19022,0.006518329,0.001398017
408323,19022,0.004786929,0.001026675
408323,19022,0.002406374,0.000516106
408324,19022,0.009196067,0.001972324
408324,19022,0.007990329,0.001713724
409334,5030,0.001391163,0.000154996
409335,5030,0.004687393,0.000522245
409336,5030,0.005524205,0.000615478
409337,5030,0.001593253,0.000177512
409342,5004,0.007275528,0.001737403
409342,5030,8.14408E-06,9.07371E-07
409343,5004,0.002682066,0.00064048
409343,5030,0.001223787,0.000136348
409344,5004,0.00398103,0.000950674
409345,5004,0.011909803,0.002844073
409346,5004,0.013872949,0.003312874
409347,5004,0.017748024,0.004238245
409348,5004,0.022324444,0.005331099
409349,5004,0.005000529,0.001194131
409349,5004,0.006255332,0.001493779
409350,5004,0.000425713,0.000101661
409351,5004,0.00189049,0.000451451
409352,5004,0.004152385,0.000991594
409353,5004,0.006224277,0.001486363
409354,5004,3.49044E-05,8.3352E-06
409355,5004,0.002284912,0.000545639
409355,19049,0.000458705,4.47435E-05
409356,19049,0.053688282,0.005236923
409357,19049,0.072355315,0.007057764
409358,19049,0.045884832,0.00447575
409359,19049,0.037699997,0.003677376
409360,19049,0.003176458,0.000309842
409362,19049,0.01694236,0.001652611
409367,19049,8.39098E-06,8.18482E-07
409368,19049,0.002448157,0.000238801
409370,19004,0.00433972,0.001424858
409370,19009,0.001488977,0.000739426
409371,19004,0.119378219,0.039195372
409371,19004,0.003143288,0.001032034
409371,19009,0.001090936,0.000541759
409371,19009,0.000405125,0.000201185
409372,19004,0.149038879,0.048933837
409373,19004,0.079707529,0.02617032
409373,19004,7.07893E-05,2.32422E-05
409373,19038,0.004985543,0.001581708
409373,19038,0.002163399,0.000686358
409374,19038,0.00060905,0.000193226
409374,19038,0.014774458,0.004687329
409375,19038,0.002516359,0.000798338
409375,19038,0.003421951,0.001085645
409376,19009,0.000680579,0.000337975
409376,19038,0.014201179,0.004505451
409377,19009,0.004007539,0.001990143
409377,19038,0.004190015,0.00132932
409378,19022,0.001593752,0.00034182
409378,19022,0.003230109,0.000692777
409378,19038,0.0002361,7.49048E-05
409378,19038,0.000527637,0.000167397
409379,19022,0.002274462,0.000487815
409379,19022,0.003619473,0.000776285
409380,19022,0.000419974,9.00737E-05
409380,19022,0.010086332,0.002163263
409381,19022,0.015059838,0.003229955
409381,19022,0.002015506,0.000432275
409382,19022,0.013309681,0.00285459
409383,19022,0.003196464,0.000685561
409383,19022,0.008594941,0.001843398
410393,5030,0.00564102,0.000628493
410394,5030,0.008201638,0.000913783
410395,5030,0.014700812,0.001637887
410396,5030,0.002770449,0.000308669
410402,5004,0.002619944,0.000625645
410402,5030,0.000167146,1.86225E-05
410407,5004,0.000611808,0.0001461
410408,5004,0.000501499,0.000119758
410408,5004,8.96456E-05,2.14074E-05
410408,5004,0.002369752,0.000565899
410409,5004,0.008940033,0.002134889
410409,5004,0.012078013,0.002884241
410410,5004,0.004333091,0.001034746
410410,5004,0.004548884,0.001086278
410411,5004,0.000368187,8.79233E-05
410412,5004,0.004190072,0.001000593
410414,5004,0.002415342,0.000576786
410414,19049,4.64917E-06,4.53495E-07
410415,5004,0.000168783,4.03055E-05
410415,19049,0.063494175,0.00619342
410416,19049,0.053925848,0.005260096
410417,19049,0.03172797,0.003094845
410418,19049,0.002930191,0.00028582
410425,19049,0.023244805,0.002267371
410426,19049,0.034546615,0.003369785
410426,19049,0.001944453,0.000189668
410427,19049,0.009957161,0.000971253
410429,19009,0.006205879,0.003081838
410430,19004,0.000771902,0.000253438
410430,19004,0.001892465,0.000621352
410430,19009,0.003228,0.001603024
410430,19009,0.011099423,0.005511972
410431,19004,0.033770909,0.01108798
410431,19004,0.003834636,0.001259024
410431,19009,0.002300556,0.001142456
410431,19009,0.009801385,0.004867366
410432,19004,0.03314971,0.010884023
410432,19004,0.006681712,0.002193802
410432,19009,7.27134E-05,3.61094E-05
410432,19009,0.000402156,0.000199711
410432,19009,0.003844676,0.001909265
410432,19038,0.001154679,0.000366332
410432,19038,5.7864E-05,1.83579E-05
410432,19038,0.005954256,0.001889041
410433,19038,0.000979373,0.000310715
410433,19038,0.014404135,0.004569841
410434,19009,0.001147283,0.000569741
410434,19038,0.006030519,0.001913236
410434,19038,0.001704375,0.000540728
410435,19009,0.013094669,0.00650281
410435,19038,0.002932823,0.000930464
410436,19009,0.016144567,0.008017389
410436,19038,3.1866E-05,1.01098E-05
410437,19009,0.002475261,0.001229214
410437,19022,0.000258569,5.54566E-05
410437,19022,0.007056015,0.001513337
410437,19038,0.000476224,0.000151086
410437,19038,4.76947E-05,1.51316E-05
410438,19022,0.000292444,6.27219E-05
410438,19022,0.010419022,0.002234617
410439,19022,0.013048094,0.002798486
410440,19022,0.017186396,0.003686048
410441,19022,0.016756706,0.00359389
410442,19022,0.014663091,0.003144862
410442,19022,0.000802515,0.000172119
411452,5030,0.003805124,0.000423947
411453,5030,0.005076804,0.000565631
411454,5030,1.73787E-05,1.93625E-06
411454,5030,0.008199388,0.000913533
411455,5030,0.000516872,5.75872E-05
411456,5030,0.000322367,3.59165E-05
411457,5030,0.000297619,3.31592E-05
411467,5004,0.006345036,0.001515201
411467,5004,0.000556333,0.000132853
411468,5004,7.13061E-05,1.7028E-05
411468,5004,0.013646519,0.003258802
411468,5004,0.005576424,0.001331655
411469,5004,0.015400004,0.003677536
411470,5004,0.007479364,0.001786079
411471,5004,0.002240494,0.000535032
411473,5004,0.009816259,0.002344132
411474,5004,0.001391576,0.00033231
411474,19049,0.005862354,0.000571832
411484,19049,0.018984013,0.00185176
411484,19049,0.0177491,0.001731303
411485,19049,0.04387558,0.004279761
411488,19009,0.001812813,0.000900243
411489,19009,0.000762936,0.000378874
411489,19009,0.002647982,0.001314987
411490,19009,2.36946E-06,1.17668E-06
411490,19009,0.016183628,0.008036787
411491,19009,0.002534716,0.00125874
411491,19009,0.008642089,0.00429166
411491,19038,0.004733527,0.001501754
411491,19038,2.73135E-05,8.66547E-06
411492,19009,0.003718352,0.001846533
411492,19038,0.011206932,0.0035555
411492,19038,0.000642577,0.000203863
411493,19009,0.009520909,0.004728082
411493,19038,0.001360947,0.000431773
411494,19009,0.011448556,0.005685351
411495,19009,0.015175073,0.007535939
411496,19009,0.004858273,0.002412617
411496,19022,2.87509E-05,6.16634E-06
411496,19022,0.00041567,8.91507E-05
411497,19022,0.003522212,0.000755425
411498,19022,0.004360547,0.000935227
411499,19022,0.009509383,0.002039522
411499,19042,0.001101877,0.000336718
411500,19022,0.009935686,0.002130953
411500,19042,0.002206279,0.000674207
411501,19022,0.01325024,0.002841842
412511,5030,0.002588383,0.000288384
412512,5030,0.007325404,0.000816158
412513,5030,0.008123065,0.000905029
412516,5030,0.000428536,4.77452E-05
412516,5030,0.001765906,0.000196748
412516,5030,1.4519E-05,1.61763E-06
412517,5030,2.02509E-05,2.25625E-06
412519,5004,0.001007686,0.000240636
412520,5004,0.011241249,0.002684421
412521,5004,0.009775318,0.002334355
412525,5004,6.62563E-05,1.58221E-05
412526,5004,0.010869465,0.002595639
412527,5004,0.009981454,0.002383581
412527,5004,0.008759048,0.002091669
412528,5004,0.011570264,0.00276299
412529,5004,0.003949788,0.000943213
412542,19049,0.017704377,0.00172694
412543,19049,0.042983676,0.004192762
412543,19049,0.022985858,0.002242112
412546,19009,1.20132E-05,5.96575E-06
412546,19049,0.002989685,0.000291623
412548,19009,0.006332546,0.003144742
412548,19009,0.001205992,0.000598895
412549,19009,0.01359003,0.006748807
412549,19009,0.002595968,0.001289157
412550,19009,0.014204792,0.007054097
412550,19009,3.77752E-05,1.87592E-05
412550,19038,0.001847077,0.000586002
412551,19009,0.015758703,0.00782577
412551,19038,0.000406109,0.000128842
412552,19009,0.008955159,0.004447131
412553,19009,0.000455165,0.000226035
412554,19009,0.009634,0.004784243
412555,19009,0.002738855,0.001360115
412555,19022,1.68598E-05,3.61601E-06
412558,19022,0.005986907,0.00128404
412558,19042,0.003618269,0.001105692
412559,19022,0.00091387,0.000196002
412559,19042,0.004261004,0.001302103
412560,19022,0.005115639,0.001097175
413570,5030,0.009392452,0.001046458
413571,5030,0.0060719,0.000676499
413572,5030,0.010077389,0.00112277
413573,5030,0.002727748,0.000303911
413573,5030,0.001644633,0.000183236
413574,5030,2.51446E-05,2.80148E-06
413575,5030,0.006257937,0.000697226
413575,5030,0.00397667,0.00044306
413576,5030,0.003495708,0.000389473
413578,5004,0.008283683,0.001978151
413579,5004,0.020901822,0.004991376
413580,5004,0.002886913,0.000689398
413584,5004,0.005070239,0.001210778
413585,5004,0.010981766,0.002622456
413586,5004,0.011345856,0.002709401
413587,5004,0.003191277,0.00076208
413600,19049,0.007912942,0.000771853
413601,19049,0.096533194,0.00941615
413602,19049,0.061278573,0.005977304
413604,19049,0.024415435,0.002381558
413605,19009,0.002255178,0.001119921
413605,19049,0.081902586,0.007989034
413606,19009,0.013456008,0.006682252
413606,19049,0.009392856,0.000916209
413607,19009,0.013275311,0.006592517
413607,19009,0.002868647,0.001424569
413608,19009,0.016185998,0.008037964
413609,19009,0.016185998,0.008037964
413610,19009,0.011703973,0.005812191
413611,19009,0.004927367,0.00244693
413613,19009,0.005860039,0.002910094
413614,19009,0.009677202,0.004805697
413615,19009,0.003864315,0.001919018
413615,19042,0.000144871,4.42706E-05
413616,19042,0.011176134,0.003415268
413617,19042,0.00303805,0.000928385
413617,19042,0.002682918,0.000819862
413617,19042,0.00168775,0.000515752
413618,19022,0.062734691,0.000790079
413618,19042,0.001024471,0.000313064
413619,19022,0.010075195,0.000126887
413619,19042,0.013017051,0.000142721
414629,5030,1.13429E-05,1.26376E-06
414630,5030,0.000993493,0.00011069
414631,5030,0.006069831,0.000676269
414632,5030,1.97834E-06,2.20417E-07
414632,5030,0.001870295,0.000208378
414632,5030,0.006041379,0.000673099
414633,5027,0.000738003,4.71918E-05
414633,5030,0.005177169,0.000576813
414633,5030,0.000196869,2.19341E-05
414633,5030,0.001297587,0.00014457
414634,5030,0.000862466,9.60914E-05
414634,5030,3.42039E-05,3.81082E-06
414634,5030,0.011101724,0.001236896
414635,5004,0.002916475,0.000696457
414635,5004,3.47123E-06,8.28934E-07
414635,5027,0.000501046,3.20395E-05
414635,5030,0.000688427,7.67009E-05
414635,5030,0.001170644,0.000130427
414636,5004,3.61765E-05,8.63899E-06
414637,5004,0.001097842,0.000262166
414638,5004,0.005457912,0.001303355
414639,5004,0.003656864,0.000873263
414643,5004,0.000368758,8.80598E-05
414644,5004,0.0060516,0.001445128
414645,5004,0.012738656,0.003042003
414646,5004,0.00199015,0.00047525
414660,19049,0.039943399,0.003896204
414661,19049,0.010985664,0.001071576
414663,19009,0.000240605,0.000119484
414664,19009,0.00723074,0.003590784
414664,19049,0.002566195,0.000250315
414665,19009,0.016185998,0.008037964
414666,19009,0.002869477,0.001424982
414666,19009,0.010244326,0.00508733
414666,19009,0.003072195,0.001525652
414667,19009,0.012162144,0.006039719
414667,19009,0.004023854,0.001998245
414668,19009,0.013518832,0.00671345
414668,19009,0.002667166,0.001324514
414669,19009,0.004172288,0.002071958
414669,19009,0.005767383,0.002864082
414670,19009,0.010670182,0.005298811
414671,19009,0.001396571,0.000693537
414672,19009,0.004571376,0.002270145
414673,19009,0.003550732,0.001763293
414673,19009,0.004914596,0.002440588
414674,19009,9.73925E-05,4.83651E-05
414674,19009,0.011181983,0.005552971
414674,19042,0.000421475,0.000128797
414675,19009,0.004340312,0.002155398
414675,19042,0.004793256,0.001464751
414675,19042,0.001225397,0.000374464
414676,19042,0.007301498,0.002231234
414676,19042,0.001056253,0.000322776
414677,19022,0.075516344,0.000951051
414677,19042,0.167688914,0.001838564
414678,19022,0.027986667,0.000352463
414678,19042,0.178155899,0.001953325
415690,5027,0.003455921,0.00022099
415691,5027,0.004589516,0.000293478
415692,5027,0.005971621,0.000381857
415692,5030,0.000538371,5.99825E-05
415693,5027,0.002919578,0.000186693
415693,5027,0.007018669,0.000448811
415693,5030,0.00091251,0.000101667
415693,5030,0.004587484,0.000511113
415694,5004,0.00405776,0.000968997
415694,5027,0.004714981,0.000301501
415694,5027,0.002797179,0.000178866
415694,5030,9.616E-05,1.07136E-05
415694,5030,0.000110872,1.23528E-05
415695,5004,0.001161506,0.000277369
415695,5027,0.012167124,0.00077803
415696,5027,0.003904745,0.00024969
415701,5004,0.00657729,0.001570663
415701,5027,0.000273361,1.74802E-05
415702,5004,0.015873755,0.003790668
415703,5004,0.015289483,0.003651143
415703,5027,0.000181597,1.16122E-05
415704,5004,0.00039716,9.48422E-05
415721,19009,0.006027615,0.002993313
415721,19031,0.001703993,0.000798304
415721,19049,0.000497156,4.84942E-05
415722,19009,0.011976406,0.005947481
415722,19031,0.012060899,0.00565041
415722,19049,0.007086301,0.00069122
415723,19009,0.015770698,0.007831726
415723,19031,0.002065188,0.00096752
415724,19009,0.015988652,0.007939962
415724,19009,0.000197346,9.8002E-05
415725,19009,0.009257335,0.004597191
415725,19009,0.000131034,6.50717E-05
415725,19009,0.000944704,0.00046914
415725,19009,0.005852925,0.002906562
415726,19009,0.014635515,0.007267995
415726,19009,0.001548245,0.000768858
415726,19009,2.23776E-06,1.11127E-06
415727,19009,0.006665396,0.003310034
415727,19009,0.009520602,0.00472793
415728,19009,0.015314329,0.007605093
415729,19009,0.008436991,0.004189808
415729,19009,0.001931315,0.000959091
415730,19009,0.009553056,0.004744046
415731,19009,0.001366986,0.000678845
415732,19009,0.008483448,0.004212879
415733,19009,0.012857009,0.006384789
415734,19009,0.001262965,0.000627188
415735,19009,0.000199498,9.90708E-05
415735,19042,0.005241188,0.001601633
415736,19042,0.009681698,0.00295859
415736,19042,0.007009582,7.6854E-05
415737,19022,0.000265112,5.68598E-05
415737,19042,0.00012477,3.81278E-05
415737,19042,0.41272361,0.004525157
416747,5027,2.28245E-06,1.45952E-07
416748,5027,0.000170653,1.09125E-05
416749,5027,0.003778426,0.000241612
416750,5027,0.015885172,0.001015782
416752,5027,9.72996E-05,6.22185E-06
416752,5027,0.007598287,0.000485875
416753,5027,1.7978E-06,1.14961E-07
416753,5027,3.79956E-05,2.42964E-06
416753,5027,1.00944E-05,6.4549E-07
416754,5027,0.012311505,0.000787263
416755,5027,0.001046566,6.6923E-05
416780,19009,0.000489941,0.000243305
416780,19031,0.038103442,0.017851081
416781,19009,0.003039562,0.001509446
416781,19031,0.06537416,0.03062714
416782,19009,0.01266598,0.006289924
416782,19031,0.017504229,0.008200556
416783,19009,0.015975362,0.007933362
416783,19009,0.000190418,9.45614E-05
416784,19009,0.006466618,0.003211321
416784,19009,0.00971938,0.004826643
416785,19009,0.009221493,0.004579392
416785,19009,0.006964505,0.003458572
416786,19009,0.000236285,0.000117339
416786,19009,0.015949712,0.007920625
416787,19009,0.014354711,0.007128547
416788,19009,0.000989299,0.000491286
416788,19009,0.011568915,0.005745121
416789,19009,0.00749264,0.003720844
416789,19009,0.007791549,0.003869282
416790,19009,0.003963104,0.001968077
416790,19009,0.010462175,0.005195514
416791,19009,0.011212261,0.005568007
416792,19009,0.010739422,0.005333195
416794,19009,5.4587E-05,2.71079E-05
416794,19042,0.002599312,0.000794313
416795,19042,0.008310389,0.002539537
416795,19042,0.000584309,6.40645E-06
416796,19042,0.007280456,0.002224804
416796,19042,0.220820642,0.002421107
417806,5027,0.002453689,0.000156902
417807,5027,0.00878728,0.000561905
417809,5027,0.000657073,4.20167E-05
417811,5027,0.007563234,0.000483633
417812,5027,0.004216843,0.000269647
417813,5027,0.000770796,4.92887E-05
417838,19031,0.000459642,0.000215338
417839,19009,0.001047641,0.000520258
417839,19031,0.032149355,0.015061651
417840,19009,0.009756428,0.004845041
417840,19031,0.008120792,0.00380451
417841,19009,0.009067295,0.004502817
417842,19009,0.006777064,0.003365489
417843,19009,0.014137951,0.007020904
417843,19009,0.001613757,0.000801391
417844,19009,0.006583141,0.003269187
417844,19009,0.00911533,0.004526671
417845,19009,0.014078066,0.006991165
417846,19009,0.001435691,0.000712964
417847,19009,0.000357528,0.000177548
417848,19009,0.003126024,0.001552383
417849,19009,0.004712005,0.002339981
417850,19009,8.96312E-05,4.45109E-05
417851,19009,0.000786444,0.000390548
418865,5027,1.61278E-05,1.0313E-06
418865,5027,0.003341208,0.000213654
418866,5027,0.011411272,0.000729697
418867,5027,0.001429105,9.13845E-05
418870,5027,0.000589982,3.77266E-05
418871,5027,0.015351174,0.000981635
418872,5027,0.010356758,0.000662266
418873,5027,0.002558207,0.000163585
418896,19031,0.000511729,0.00023974
418897,19031,0.055531825,0.026016104
418898,19031,0.029561719,0.013849369
418899,19009,0.008403644,0.004173248
418899,19031,0.004585714,0.002148361
418900,19009,0.015708318,0.007800748
418900,19009,0.00047768,0.000237216
418901,19009,0.011987986,0.005953232
418901,19009,0.002446331,0.001214848
418902,19009,0.006657979,0.003306351
418903,19009,0.003169803,0.001574124
418903,19009,1.26538E-06,6.28385E-07
419924,5027,0.01185781,0.000758251
419924,5027,0.000762866,4.87817E-05
419925,5027,0.014880222,0.00095152
419925,5027,0.001422617,9.09696E-05
419926,5027,0.013420669,0.000858188
419927,5027,0.002753987,0.000176104
419929,5027,0.000977969,6.25365E-05
419930,5027,0.004707272,0.000301008
419931,5027,0.006527937,0.000417431
419932,5027,0.007399985,0.000473194
419933,5027,0.006810658,0.000435509
419955,19031,0.006793635,0.00318275
419956,19031,0.080115682,0.037533395
419957,19031,0.052112442,0.024414157
419958,19009,0.001924813,0.000955862
419958,19031,0.032763353,0.015349303
419959,19009,0.010904787,0.005415315
419959,19009,0.000179743,8.92604E-05
419959,19031,0.02536841,0.011884846
419960,19009,0.012873719,0.006393087
419960,19009,0.003312279,0.001644877
419961,19009,0.014242503,0.007072825
419962,19009,0.004567543,0.002268241
419970,19042,0.000526425,0.000160868
419971,19042,6.70197E-05,2.04803E-05
420983,5027,0.020551486,0.00131417
420984,5027,0.021013328,0.001343703
420985,5027,0.018720891,0.001197113
420986,5027,0.010395525,0.000664745
420987,5027,0.000577869,3.6952E-05
421015,19026,0.000105758,5.68141E-05
421015,19031,0.057177826,0.026787239
421016,19031,0.069679561,0.032644177
421017,19031,0.040702752,0.019068832
421018,19009,0.004960923,0.002463593
421018,19031,0.054131095,0.025359876
421019,19009,0.014928531,0.007413506
421019,19031,0.001838837,0.000861477
421020,19009,0.004876116,0.002421478
421021,19009,0.001145172,0.000568692
421026,19009,0.000700309,0.000347774
421027,19009,0.003530008,0.001753001
421028,19009,0.00095509,0.000474298
421028,19042,0.006241458,0.001907301
421029,19042,0.021865165,0.006681685
421030,19042,0.017427168,0.005325496
421031,19042,0.004754448,0.001452892
421031,19042,0.009139751,0.002792979
421032,19042,0.001247609,0.000381252
422042,5027,0.004672805,0.000298804
422042,5027,0.001025976,6.56063E-05
422043,5027,0.000238854,1.52736E-05
422044,5027,0.001284937,8.21656E-05
422045,5027,0.000275936,1.76448E-05
422054,19018,0.002416534,7.35094E-05
422055,19018,0.1446664,0.004400658
422056,19018,0.022757905,0.000692281
422063,19048,0.336077936,0.000447645
422072,19026,0.006303632,0.00338635
422073,19026,0.129275491,0.069447599
422074,19026,0.187276216,0.100605951
422074,19026,0.028697495,0.015416473
422074,19031,0.009741829,0.004563949
422075,19026,0.025156169,0.013514051
422075,19026,0.007142277,0.003836876
422075,19031,0.052359131,0.024529729
422076,19031,0.026976454,0.012638199
422077,19009,0.001378345,0.000684486
422077,19031,0.054510508,0.025537627
422078,19009,8.8072E-05,4.37365E-05
422078,19031,0.062965243,0.029498586
422079,19009,0.00010706,5.31659E-05
422079,19031,0.00088088,0.000412683
422084,19009,0.002837473,0.001409089
422084,19041,0.008365888,0.005650746
422085,19009,0.002605613,0.001293947
422085,19041,0.018398115,0.012427022
422086,19009,0.00796894,0.003957374
422086,19041,0.008315716,0.005616858
422086,19042,0.002845353,0.0008695
422087,19009,0.001435537,0.000712888
422087,19042,0.017455608,0.005334187
422088,19042,0.009583355,0.002928537
422089,19042,0.001393501,0.000425834
422090,19042,0.015616526,0.004772189
422090,19042,0.001111597,0.000339688
422091,19042,0.007668541,0.002343398
423101,5027,0.006715026,0.000429394
423104,5027,0.000699458,4.4727E-05
423114,19018,0.029422921,0.000895026
423122,19048,0.663922045,0.000884322
423131,19026,0.064279831,0.034531526
423132,19006,0.001322141,0.001107374
423132,19006,5.71366E-05,4.78554E-05
423132,19026,0.227504049,0.122216593
423133,19006,0.013375496,0.011202796
423133,19006,0.002982706,0.002498199
423133,19026,0.155941906,0.083772964
423133,19026,0.102470337,0.055047704
423134,19006,0.002906408,0.002434295
423134,19006,0.009074518,0.007600464
423134,19026,0.02402868,0.012908357
423134,19026,0.04181816,0.022464976
423134,19031,0.017834622,0.008355342
423134,19041,6.03871E-05,4.07885E-05
423134,19041,0.002275267,0.001536831
423135,19031,0.009674936,0.004532611
423135,19041,0.014552171,0.009829276
423135,19041,4.94068E-05,3.33719E-05
423136,19031,0.027001071,0.012649731
423136,19031,0.003064942,0.001435895
423136,19041,0.00196145,0.001324863
423136,19041,0.012299777,0.008307895
423137,19031,0.03492109,0.016360181
423137,19031,0.000287746,0.000134806
423137,19041,0.010002798,0.006756398
423137,19041,0.002053828,0.00138726
423138,19009,6.67211E-05,3.31337E-05
423138,19031,0.011365268,0.005324515
423138,19041,0.005908811,0.003991111
423138,19041,0.003162568,0.002136159
423139,19009,0.000387501,0.000192433
423139,19041,0.02608009,0.017615818
423140,19041,0.005041769,0.003405467
423141,19009,0.000521564,0.000259009
423141,19041,0.011771417,0.007951013
423142,19041,0.014373706,0.009708732
423143,19009,0.001035806,0.000514381
423143,19041,0.035334375,0.023866633
423144,19041,0.042219864,0.028517443
423145,19016,0.004892348,0.000323137
423145,19016,0.000140861,9.30382E-06
423145,19041,0.000969703,0.000654986
423145,19041,0.037120533,0.025073095
423145,19042,0.001541472,0.000471052
423146,19016,0.011310176,0.000747031
423146,19041,0.00063672,0.000430073
423146,19041,7.11745E-07,4.80749E-07
423146,19042,0.009499355,0.002902868
423146,19042,0.001793861,0.000548178
423147,19042,3.80461E-05,1.16264E-05
423148,19042,0.000846124,0.000258564
423149,19042,0.020830329,0.006365454
423150,19042,0.012298019,0.0037581
424160,5027,0.014435882,0.000923106
424160,5027,1.19195E-05,7.62198E-07
424161,5027,0.000381038,2.43656E-05
424162,5027,0.00144199,9.22084E-05
424163,5027,0.012728752,0.000813944
424190,19006,0.001864829,0.001561908
424190,19006,0.00023652,0.0001981
424190,19046,0.047464579,0.008226937
424191,19006,0.031024843,0.025985203
424192,19006,0.007084775,0.005933932
424192,19006,0.041618878,0.034858355
424192,19041,0.003905997,0.002638309
424193,19006,0.000372282,0.000311809
424193,19006,0.010722686,0.008980906
424193,19041,0.00026655,0.000180042
424193,19041,0.033225197,0.022441987
424194,19041,7.59757E-05,5.13179E-05
424194,19041,0.009132762,0.006168732
424194,19041,0.033011126,0.022297393
424195,19041,0.006953371,0.00469666
424195,19041,0.035266493,0.023820782
424196,19041,0.032708245,0.022092812
424196,19041,0.005127977,0.003463696
424197,19041,0.012102426,0.008174594
424198,19041,0.008318457,0.005618709
424198,19041,1.32965E-05,8.9811E-06
424199,19041,0.000495013,0.000334357
424201,19041,0.002932305,0.001980628
424202,19041,0.011273993,0.007615028
424203,19041,0.034044122,0.022995131
424204,19016,7.19492E-05,4.75221E-06
424204,19016,0.000109454,7.22936E-06
424204,19041,0.006783627,0.004582007
424205,19016,0.002323912,0.000153493
424205,19042,0.001189688,0.000363552
424207,19042,0.004645821,0.001419697
424208,19042,0.022261086,0.006802673
424209,19042,0.021734861,0.006641866
425219,5027,0.00188283,0.000120398
425219,5027,0.007099604,0.000453986
425221,5027,0.008296259,0.000530507
425222,5027,0.000887103,5.6726E-05
425222,5027,0.003261378,0.00020855
425223,5027,0.002883749,0.000184402
425237,19018,0.00892557,0.00027151
425245,19021,0.001208172,0.000603878
425245,19046,0.267540224,0.046372191
425246,19021,0.001590143,0.000794797
425246,19046,0.523099262,0.090667707
425247,19006,0.001325053,0.001109813
425247,19046,0.010803898,0.001872617
425248,19006,0.026904908,0.022534506
425248,19046,0.00788197,0.001366165
425249,19006,0.014775973,0.012375781
425249,19006,0.000970461,0.000812821
425250,19006,0.000493838,0.00041362
425250,19006,0.025416119,0.021287554
425251,19006,0.019047673,0.015953591
425251,19006,9.52238E-05,7.97558E-05
425251,19006,0.026023079,0.02179592
425251,19041,0.00255037,0.00172265
425252,19006,0.000462893,0.000387701
425252,19006,0.000127661,0.000106924
425252,19041,0.002234494,0.001509291
425252,19041,0.018872165,0.01274722
425253,19041,0.03268691,0.022078401
425253,19041,0.009532954,0.006439042
425254,19041,0.027025278,0.018254247
425254,19041,0.007819752,0.005281858
425255,19041,0.024410113,0.016487832
425255,19041,0.001585393,0.001070855
425256,19041,0.027033129,0.01825955
425256,19041,0.007367965,0.004976698
425257,19041,0.01623699,0.010967289
425257,19041,0.012877158,0.008697887
425258,19041,0.003312499,0.00223743
425262,19041,9.01288E-05,6.08776E-05
425266,19016,0.006801673,0.000449247
425266,19042,0.010766405,0.003290061
425267,19042,0.019070153,0.005827569
425268,19042,0.022155203,0.006770316
426278,5027,0.01141798,0.000730126
426281,5027,0.007433455,0.000475334
426282,5027,0.019646427,0.001256296
426283,5027,0.002293058,0.00014663
426296,19018,0.144043816,0.00438172
426297,19018,0.07905021,0.002404656
426302,19021,0.000492185,0.000246008
426302,19039,0.457859045,0.000385826
426304,19021,0.014713603,0.007354267
426305,19021,0.09297589,0.046471929
426305,19046,0.055237349,0.009574175
426306,19006,0.011473052,0.009609382
426306,19006,5.73302E-05,4.80176E-05
426306,19021,0.046204155,0.023094119
426306,19046,0.087972943,0.015248167
426307,19006,0.049464069,0.041429183
426308,19006,0.042302107,0.035430602
426309,19006,0.004849231,0.004061527
426309,19006,0.005351045,0.004481828
426310,19006,0.036347471,0.03044323
426311,19006,0.040372997,0.033814853
426311,19041,0.005696769,0.003847888
426312,19041,0.029179562,0.01970936
426312,19041,0.013040302,0.008808083
426313,19041,0.013518892,0.009131347
426313,19041,0.021597779,0.014588238
426314,19041,0.000173523,0.000117206
426314,19041,0.034332518,0.023189928
426315,19041,2.48396E-05,1.67779E-05
426315,19041,0.024466434,0.016525873
426325,19016,0.041516663,0.002742155
426325,19042,0.000423202,0.000129324
426326,19016,0.035349207,0.002334797
426326,19042,0.005306559,0.001621609
426327,19042,0.015077239,0.004607391
427337,5027,0.008353924,0.000534194
427340,5027,0.00547375,0.00035002
427341,5027,0.008316998,0.000531833
427353,19018,0.020566279,0.000625613
427354,19018,0.102676868,0.003123364
427355,19018,0.247196832,0.007519568
427356,19018,0.005278652,0.000160573
427360,19021,0.039796478,0.019891384
427360,19039,0.107176341,9.03147E-05
427361,19021,0.118718584,0.059338841
427361,19039,0.434964675,0.000366533
427362,19021,0.047137067,0.023560414
427363,19021,0.048978707,0.024480916
427364,19021,0.05104433,0.025513372
427364,19021,0.043020748,0.021502963
427365,19006,0.02181531,0.018271656
427365,19006,0.006404269,0.005363967
427365,19006,1.55388E-05,1.30147E-05
427365,19021,0.047194321,0.023589031
427365,19021,0.01708888,0.008541496
427366,19006,0.017005587,0.014243219
427366,19006,0.03589603,0.03006512
427367,19006,0.046935593,0.039311429
427368,19006,0.047756253,0.039998782
427369,19006,0.026265585,0.021999034
427369,19006,0.023036673,0.019294623
427369,19041,0.000480097,0.000324282
427370,19006,0.016476826,0.013800349
427370,19006,0.011111859,0.009306861
427370,19041,0.020226837,0.013662234
427370,19041,0.000289743,0.000195707
427371,19034,0.003417887,0.000193687
427371,19041,0.041982543,0.028357144
427372,19034,0.019835043,0.001124028
427372,19041,0.033719772,0.022776048
427372,19041,0.007122845,0.004811132
427373,19034,0.009169804,0.000519642
427373,19034,0.006057101,0.000343248
427373,19041,0.001874529,0.001266152
427373,19041,0.024820483,0.016765016
427374,19034,0.01275476,0.000722797
427374,19041,0.007476123,0.005049754
427377,19016,0.065159567,0.004303757
427378,19016,0.088935605,0.005874152
427383,19016,0.003068519,0.000202674
427384,19016,0.00080745,5.33316E-05
427384,19016,0.101247595,0.006687352
427384,19042,1.42651E-05,4.3592E-06
427384,19042,0.000979563,0.000299341
427385,19016,0.00314069,0.000207441
427385,19042,0.00285651,0.000872909
427385,19042,0.002229903,0.000681427
427386,19042,0.005691494,0.00173924
427386,19042,0.001055906,0.00032267
428396,5027,0.002646525,0.000169233
428396,5027,4.35683E-05,2.78599E-06
428399,5027,0.004717733,0.000301677
428400,5027,0.00012764,8.162E-06
428413,19018,0.000798633,2.42939E-05
428420,19010,0.001850847,0.000552342
428420,19021,0.05794594,0.028962988
428421,19010,0.016554094,0.004940181
428421,19021,0.117528431,0.05874397
428422,19010,0.009336991,0.002786406
428422,19021,0.127579804,0.063767925
428423,19021,0.023550092,0.011770989
428423,19021,0.001137192,0.0005684
428423,19021,0.047566141,0.023774877
428424,19006,0.025577637,0.021422836
428424,19006,0.003249161,0.002721371
428424,19021,0.04126052,0.020623153
428424,19021,0.008742922,0.004369955
428425,19006,0.040959384,0.034305989
428425,19006,0.003116102,0.002609926
428426,19006,0.017190482,0.01439808
428426,19006,0.035858221,0.030033453
428427,19006,0.008936174,0.007484592
428427,19006,0.044732686,0.03746636
428428,19006,0.045953925,0.038489222
428428,19006,0.000298622,0.000250114
428428,19025,0.000148951,2.81775E-05
428428,19041,0.001232042,0.000832184
428429,19006,0.000944377,0.000790973
428429,19025,0.000555004,0.000104991
428429,19034,0.000660324,3.74197E-05
428429,19041,0.020029614,0.01352902
428430,19034,0.138692352,0.007859526
428430,19034,0.00043744,2.47892E-05
428430,19041,0.005845749,0.003948516
428431,19034,0.202011904,0.011447768
428431,19034,0.122556134,0.006945106
428431,19041,0.001122173,0.000757973
428432,19034,0.022056067,0.00124989
428432,19041,0.001519528,0.001026366
428434,19016,0.000803274,5.30558E-05
428435,19016,0.135156618,0.008927026
428435,19034,0.001164052,6.59654E-05
428436,19016,0.17382238,0.01148088
428437,19016,0.022185266,0.001465326
428443,19016,0.075117397,0.004961466
428443,19042,0.001984573,0.000606457
428444,19016,0.00357024,0.000235813
428444,19042,0.019991803,0.006109212
428445,19042,0.022214431,0.006788416
429455,5027,0.004913039,0.000314166
429458,5027,0.002206117,0.000141071
429459,5027,0.000323222,2.06685E-05
429479,19010,0.011905311,0.003552861
429479,19021,0.001811635,0.000905505
429480,19010,0.19283055,0.057545752
429481,19010,0.175018996,0.052230312
429482,19021,0.001691142,0.00084528
429482,19045,0.01364503,0.000915904
429482,19045,0.043996531,0.002953207
429483,19006,0.017662281,0.014793241
429483,19006,0.002948529,0.002469573
429483,19021,0.001022917,0.000511282
429483,19025,0.002055677,0.000388877
429483,19045,0.007080552,0.000475272
429483,19045,0.010400165,0.000698097
429484,19006,0.007307383,0.00612038
429484,19025,0.000513075,9.70594E-05
429484,19025,3.77743E-05,7.14585E-06
429485,19006,0.018808496,0.015753266
429485,19006,0.007402905,0.006200385
429485,19025,0.034275716,0.006484009
429485,19025,0.000949536,0.000179626
429486,19006,0.001603774,0.001343259
429486,19006,0.025973352,0.021754271
429486,19025,0.01961765,0.003711112
429486,19025,0.003011225,0.00056964
429486,19025,0.088898946,0.0168172
429487,19006,0.00885201,0.0074141
429487,19025,0.022415228,0.004240336
429487,19025,0.032126364,0.006077412
429488,19025,0.10076343,0.019061629
429489,19025,0.054885086,0.010382727
429489,19034,0.313336865,0.017756418
429490,19034,0.136181199,0.007717222
429493,19016,0.037257057,0.00246081
429494,19016,0.105343771,0.006957903
429495,19016,5.15621E-05,3.40565E-06
429502,19016,0.043271094,0.002858034
429502,19042,0.002324747,0.00071041
429503,19016,0.025163065,0.001662008
429503,19042,0.017879272,0.005463652
429504,19011,0.003956123,0.000164362
429504,19042,0.006707717,0.002049783
430519,5027,0.001813935,0.000115993
430520,5027,4.8578E-05,3.10634E-06
430539,19010,0.088380938,0.026375216
430540,19010,0.143800014,0.042913739
430540,19045,0.011833997,0.000794341
430541,19010,0.000181655,5.42105E-05
430541,19045,0.043007746,0.002886836
430541,19045,0.028908654,0.001940454
430542,19006,0.00140157,0.0011739
430542,19025,0.025220217,0.004770961
430542,19045,0.04783291,0.003210719
430542,19045,0.023163877,0.001554844
430543,19025,0.103680607,0.019613478
430543,19045,0.003378156,0.000226754
430544,19025,0.000910988,0.000172333
430545,19025,0.001959153,0.000370617
430545,19025,1.14365E-05,2.16347E-06
430546,19025,0.021815564,0.004126896
430546,19025,0.002208291,0.000417747
430547,19025,0.174420273,0.032995449
430548,19025,0.055532101,0.010505124
430548,19034,0.01166906,0.000661271
430552,19016,0.000144302,9.53108E-06
430561,19016,0.0132383,0.000874383
430561,19042,0.005370953,0.001641287
430562,19042,0.002984241,0.000911942
430563,19011,0.008347386,0.000346802
431573,5027,1.34343E-05,8.59061E-07
431575,5027,0.003187661,0.000203836
431576,5027,0.003747527,0.000239637
431578,5027,0.008378288,0.000535752
431579,5027,0.006516301,0.000416687
431579,5027,0.000689566,4.40945E-05
431580,5027,0.013581697,0.000868485
431581,5027,0.010217257,0.000653345
431582,5027,0.003663791,0.000234282
431582,19018,0.001461514,4.44583E-05
431586,19018,0.103035056,0.00313426
431587,19018,0.038576814,0.001173482
431597,19001,0.065547591,0.006656553
431597,19010,0.035254117,0.010520764
431598,19010,0.143838844,0.042925327
431599,19010,0.022251331,0.006640388
431599,19045,0.030016059,0.002014787
431599,19045,0.003069067,0.000206007
431600,19045,0.074329278,0.004989252
431601,19045,0.055184836,0.003704207
431601,19045,0.00205098,0.000137669
431602,19012,0.129160726,0.015445763
431602,19025,0.039779442,0.00752516
431602,19045,0.020005745,0.001342858
431603,19012,0.023551427,0.002816412
431603,19025,0.002492314,0.000471476
431604,19012,0.067410632,0.008061341
431604,19025,0.00928671,0.001756786
431605,19025,0.150995306,0.028564098
431606,19025,0.039065028,0.007390013
432632,5027,0.005133856,0.000328286
432634,5027,0.000676161,4.32373E-05
432635,5027,0.001602116,0.000102448
432637,5027,0.001395631,8.9244E-05
432638,5027,0.001936057,0.000123802
432638,5027,0.003206755,0.000205057
432639,5027,0.010669202,0.000682245
432640,5027,0.001926356,0.000123181
432645,19018,0.014830353,0.00045113
432646,19018,0.034295644,0.001043251
432654,19047,0.024905871,0.000742657
432655,19001,0.543576667,0.055201831
432655,19047,0.027829277,0.000829828
432656,19001,0.371664583,0.037743647
432656,19010,0.027897412,0.008325328
432657,19010,0.067267624,0.020074444
432658,19010,0.063631271,0.018989259
432658,19045,0.00515675,0.00034614
432658,19045,0.008432735,0.000566036
432659,19045,0.05940308,0.003987351
432660,19045,0.047203457,0.003168468
432661,19045,8.06779E-05,5.41539E-06
432663,19012,0.091241099,0.010911122
432663,19025,0.010526432,0.001991307
432664,19025,0.001842477,0.000348545
433691,5027,0.00895961,0.000572925
433692,5027,0.013522393,0.000864693
433693,5027,0.009157277,0.000585565
433694,5027,0.000237699,1.51997E-05
433712,19047,0.024101014,0.000718657
433713,19047,0.650739594,0.019404104
433714,19001,0.019211159,0.001950951
433714,19047,0.073415456,0.002189142
433718,19045,0.001884876,0.00012652
433719,19045,0.000163154,1.09515E-05
433720,19012,0.057275617,0.006849339
433721,19012,0.03788014,0.004529919
434750,5027,0.002028373,0.000129705
434751,5027,0.00870482,0.000556632
434752,5027,0.003379724,0.000216117
434771,19047,0.087485552,0.002608691
434772,19047,0.111523251,0.00332546
434779,19012,0.150177147,0.017959024
434780,19012,0.241291106,0.028854942
434781,19012,0.197814233,0.023655734
435836,19012,0.000266837,3.19098E-05
435836,19045,0.028031123,0.001881551
435837,19012,0.00393103,0.000470095
435837,19045,0.001534574,0.000103006
436895,19045,1.93882E-06,1.30141E-07
436896,19045,0.003257871,0.00021868
436897,19045,0.004602578,0.000308942
437955,19045,0.015799934,0.001060549
437955,19045,0.000820763,5.50926E-05
437956,19045,0.041502161,0.002785776
437956,19045,0.023209637,0.001557915
437957,19045,0.001806813,0.00012128
437975,19011,0.088889315,0.003693015
437976,19011,0.004545679,0.000188856
437976,19011,0.055531352,0.002307118
439015,19045,0.009737821,0.000653638
439015,19045,0.043790974,0.00293941
439016,19045,0.000864888,5.80544E-05
439016,19045,0.000868136,5.82724E-05
439034,19011,0.029436595,0.001222979
439035,19011,0.09226894,0.003833425
439035,19011,0.014754776,0.000613005
440074,19045,0.018994965,0.001275011
440074,19045,0.023545782,0.001580479
440075,19045,0.010821844,0.000726402
440094,19011,0.051215379,0.002127805
441133,19045,0.007799076,0.000523502
443244,19045,0.012840047,0.000861871
443245,19045,2.67643E-05,1.79652E-06
444303,19045,0.02261471,0.001517982
444314,19045,0.008806905,0.000591152
444315,19045,0.019880568,0.001334456
445340,5006,0.000430368,2.22055E-05
445340,19037,0.066131574,0.00082793
445372,19045,3.86553E-05,2.59468E-06
445373,19045,0.005946902,0.000399178
445374,19045,0.038025686,0.002552423
446399,19037,0.025468984,0.000318857
446417,19037,0.000860556,1.07737E-05
446431,19045,0.021958031,0.001473903
446432,19045,0.049134762,0.003298104
446433,19044,0.000119642,1.52338E-05
446433,19045,0.012092579,0.000811698
447476,19037,0.081743266,0.001023379
447477,19037,0.001179867,1.47713E-05
447490,19044,0.010596776,0.001349267
447490,19045,0.012570409,0.000843772
447491,19044,0.025967351,0.003306373
447491,19045,0.010846109,0.00072803
447492,19044,0.037995797,0.004837932
447492,19045,0.007998687,0.000536901
447493,19044,0.023666402,0.003013397
447494,19044,0.001752605,0.000223156
448534,19037,0.066573033,0.000833457
448549,19044,0.008984914,0.001144032
448550,19044,0.016831656,0.002143142
448551,19044,0.040178086,0.005115798
448552,19044,0.022077174,0.002811044
448553,19044,0.001244165,0.000158417
448554,19044,0.000832071,0.000105946
448555,19044,0.018365475,0.002338441
448556,19002,0.081893321,0.000834786
448556,19044,0.009003647,0.001146417
449593,19037,0.097980335,0.001226658
449607,19044,0.006201055,0.000789568
449608,19044,0.007563883,0.000963095
449609,19044,0.024664475,0.00314048
449610,19044,0.046502805,0.005921113
449611,19044,0.013354128,0.001700355
449613,19044,0.002106743,0.000268248
449614,19044,0.00908557,0.001156848
449615,19044,0.005006546,0.000637474
450650,19037,0.078658885,0.000984765
450651,19037,0.06559206,0.000821175
450652,19037,0.007775039,9.73391E-05
450657,19051,0.056775135,0.002297125
450658,19051,0.196099753,0.007934206
450659,19051,5.453E-06,2.20629E-07
450666,19044,0.013753228,0.001751172
450667,19044,0.031905168,0.004062424
450668,19044,0.044728829,0.005695236
450669,19044,0.040770254,0.005191198
450670,19044,0.004613129,0.000587381
451708,19037,0.020494768,0.000256583
451709,19037,0.152278953,0.001906446
451710,19008,0.012761278,0.000563139
451710,19037,0.062433223,0.000781629
451716,19051,0.025473402,0.001030655
451717,19051,0.223889315,0.009058573
451718,19051,0.002980213,0.00012058
451726,19044,0.012113008,0.001542326
451727,19044,0.020521693,0.002612988
451728,19044,0.024055892,0.00306299
451729,19044,0.006732934,0.000857292
451730,19044,0.001806243,0.000229985
452768,19037,0.008066734,0.000100991
452775,19051,0.002776637,0.000112343
452776,19051,0.10690018,0.004325187
452784,19044,0.004798997,0.000611047
452785,19044,0.014609832,0.001860242
452786,19044,0.003343339,0.000425701
452787,19044,0.003096213,0.000394235
452788,19044,0.024290087,0.00309281
452788,19050,0.000310027,2.48217E-05
452789,19044,0.008136597,0.001036017
452789,19050,0.000397087,3.1792E-05
452791,19050,0.000406695,3.25613E-05
452792,19050,0.016204583,0.001297388
452793,19050,0.002559889,0.000204952
452794,19050,0.013066647,0.001046155
452795,19050,0.001832643,0.000146727